Product_Link,Product_Title,Product_Price,Product_Images
https://www.ebay.co.uk/itm/314345150815?hash=item49306e595f:g:Ne0AAOSwryVjvNQX&amdata=enc%3AAQAHAAAAkD5RM2h1uw9gB1YS%2BMlyF7%2Bgv0bFoToeNZ8%2BHj2u2oQszBoLqBwUjxqzEfJTkt7%2B2GylNgtNKjlePFufkYVKjKYCXWw%2BP%2BW0dUxTZDGmt%2FX1Vm8qeoXwJC6lZwcivDiDkn8gFQe2j4K9SLPkN%2B1dvXWYV1uP6opqYuxG0hNTNXPDrprF2Iup78rYswvGoUXTbA%3D%3D%7Ctkp%3ABk9SR5Tpys-9YQ,Apple iPhone 12 Pro Max,AU $400.00,https://i.ebayimg.com/images/g/Ne0AAOSwryVjvNQX/s-l64.jpg | https://i.ebayimg.com/images/g/lkoAAOSw68hjvNQY/s-l64.jpg | https://i.ebayimg.com/images/g/ilAAAOSwaoFjvNQZ/s-l64.jpg | https://i.ebayimg.com/images/g/hBkAAOSwI7RjvNQb/s-l64.jpg
https://www.ebay.co.uk/itm/275520622170?hash=item40264f0e5a:g:pVEAAOSwPc9h51zA&amdata=enc%3AAQAHAAAA0No6K5tKjJ131%2Boicc%2Fc3w44yo63eZUoN82yjHRZiY4%2FFqjGM2OtN20D0fatZcUccYqfjsjp7BDDMdKltpA5SjvmlEYypGuhzmKkifvEs8tIt1U2uDmMVA%2FHoGrEzaqASIaWDAUBm%2BTqqFNneHECRqos9ifPHC%2FSadz8qG8ki3GGyyMr40S3amBVFeSaKHkv2mvYezHzOPFraJ8V5UtHUMRISjMoqSCaj1AT38sWTbCQu2wtPsaKx4PlwDF4AuXvQWa71SThQatLoBluOzmM7zM%3D%7Ctkp%3ABFBMnOnKz71h,Privacy Tempered Glass Screen Protector For iPhone 14 11 12 Pro Max 13  Cover,£6.99 each,https://i.ebayimg.com/images/g/pVEAAOSwPc9h51zA/s-l64.png | https://i.ebayimg.com/images/g/e1MAAOSwFfph51wR/s-l64.png | https://i.ebayimg.com/images/g/QFEAAOSwZpRh51wT/s-l64.png | https://i.ebayimg.com/images/g/3R4AAOSw2XZh51wX/s-l64.png | https://i.ebayimg.com/images/g/rYcAAOSwIMth51wZ/s-l64.png | https://i.ebayimg.com/images/g/rYsAAOSwIMth51wb/s-l64.png
https://www.ebay.co.uk/itm/324450822823?epid=26043615508&hash=item4b8ac6aaa7:g:-v4AAOSwl2Zg-UWd&amdata=enc%3AAQAHAAAA4CcVRR48licwg1iYSn13D00Wj19HKV7dwEBvfHF%2BVGLrxS3WJLZ5Zkqt%2FpM6f1rkOWVKST3dDYNrD%2F9Z9RK0DspoNVfKj56crHLmM6U2L5iGCzFidf9sjOfTN7o9OAFwLwjMoMs68mDQtBvtfvj8swalxh4zMElkyqhx%2FiV2K5gyz5b77GYTHtHxbEQxYFHc1yz93i9afLCIEvd05NHMpx3t3XVoOtwtQq9sYBtyAWINRZp3DEB%2B1HkzVAl5An4PLdQvTGseeuu8GxVLmz8jpepfu0FNJvPSCU5dqRiHdj3X%7Ctkp%3ABFBMnOnKz71h,Apple iPhone XR 64GB 128GB 256GB - Unlocked Smartphone - Excellent - Grade A ,£224.99 each,https://i.ebayimg.com/images/g/-v4AAOSwl2Zg-UWd/s-l64.jpg | https://i.ebayimg.com/images/g/jxcAAOSw9rthRG2a/s-l64.jpg | https://i.ebayimg.com/images/g/VqAAAOSwU39gJoyz/s-l64.png | https://i.ebayimg.com/images/g/E5AAAOSwyWdgKoj2/s-l64.jpg | https://i.ebayimg.com/images/g/lGwAAOSwmm1f~a0s/s-l64.jpg | https://i.ebayimg.com/images/g/kisAAOSwLZZhXtZC/s-l64.jpg | https://i.ebayimg.com/images/g/VRkAAOSw8P9hXtZC/s-l64.jpg | https://i.ebayimg.com/images/g/FjgAAOSwsndhXtZC/s-l64.jpg | https://i.ebayimg.com/images/g/OPAAAOSwO~JhXtZk/s-l64.jpg | https://i.ebayimg.com/images/g/VqEAAOSwZPRhXtZk/s-l64.jpg | https://i.ebayimg.com/images/g/kvUAAOSwuP1hXtZk/s-l64.jpg | https://i.ebayimg.com/images/g/Pa8AAOSw2Y1hXtaT/s-l64.jpg | https://i.ebayimg.com/images/g/HEMAAOSwWilhXtaT/s-l64.jpg | https://i.ebayimg.com/images/g/eQ8AAOSwnBVhXtaT/s-l64.jpg | https://i.ebayimg.com/images/g/PtAAAOSw8iphXtdA/s-l64.jpg | https://i.ebayimg.com/images/g/Hv4AAOSwWIZhXteE/s-l64.jpg | https://i.ebayimg.com/images/g/vegAAOSwvAZhXtez/s-l64.jpg | https://i.ebayimg.com/images/g/IRAAAOSwnZ1hXtak/s-l64.jpg | https://i.ebayimg.com/images/g/vcoAAOSwfzxhXtaw/s-l64.jpg | https://i.ebayimg.com/images/g/ryYAAOSwSkhhXta8/s-l64.jpg | https://i.ebayimg.com/images/g/RVMAAOSwsj1hXtbl/s-l64.jpg | https://i.ebayimg.com/images/g/xlIAAOSwAeRhXtbl/s-l64.jpg | https://i.ebayimg.com/images/g/4fkAAOSwij1hXtbl/s-l64.jpg
https://www.ebay.co.uk/itm/224081784620?epid=239057380&hash=item342c50af2c:g:k-IAAOSw00VfyCwO&amdata=enc%3AAQAHAAAA4BK%2BeiGy%2BUk01TppPqK8diGF7fgXlB0ni1tYXKnW9cleLsC5eROuejge2vi3O55wa3u5ZlqpOTvOpDrgUA5IQps9%2FUxgy2KsJQwAkH5zXiPrVhCY9zGiv6UCqpwez9HXyzzjqmxoO89O%2BwsSBRUpUnpryFOQY%2BYM5zQ44SdKW2Sfq75WL24eEDOl1AQLcUeDNXG7sjhNjghqN2u%2B%2FowOcXQxi3JhZkfEt7w86oC%2FKb72qir9s4Ty0bz%2B8Go7QZ6%2FwSiTtFFhvP%2F54ukhaPVpE1Bj5aTYzbP7OHwYWUMC3ZWZ%7Ctkp%3ABFBM_J7Lz71h,Apple iPhone X 64GB 256GB - Grey Silver - UNLOCKED - Excellent Grade A Condition,£199.95 each,https://i.ebayimg.com/images/g/k-IAAOSw00VfyCwO/s-l64.jpg | https://i.ebayimg.com/images/g/LK8AAOSwHUdfZ9FR/s-l64.jpg | https://i.ebayimg.com/images/g/b6MAAOSw-NxjYv92/s-l64.jpg | https://i.ebayimg.com/images/g/IL8AAOSwAUtjYv98/s-l64.jpg | https://i.ebayimg.com/images/g/88IAAOSwCj9fZ9Fr/s-l64.jpg | https://i.ebayimg.com/images/g/XKwAAOSwnCtjYv-I/s-l64.jpg
https://www.ebay.co.uk/itm/195570781606?epid=23041723818&hash=item2d88ed4da6:g:J~8AAOSwiI5jzZAl&amdata=enc%3AAQAHAAAAoB6KuuCfriWb29wMgMLIBpNiQJQnAdYJkUWBt29dtJGjz57G981xdHCRG%2B7x5xZm7TLQImlCa3ZoLC6mhT%2FhiH%2FsJk8XlfuaWSRehRWgkqZr%2Fs7bGATsl3%2FRiYsatym%2FEBIaq9CcjrD7vQnH9LsDhEBpdnRsThcs%2FNfN5DGEt%2FRKJssz3t3IhHRYt5XeyoPt%2F%2BzozfyTlUzRlWES6AEUY%2Fk%3D%7Ctkp%3ABk9SR_yey8-9YQ,apple iphone 12 pro max 128gb unlocked space grey,£425.00,https://i.ebayimg.com/images/g/J~8AAOSwiI5jzZAl/s-l64.jpg | https://i.ebayimg.com/images/g/7K8AAOSwgBhjzZAn/s-l64.jpg | https://i.ebayimg.com/images/g/I5gAAOSwINBjzZAt/s-l64.jpg | https://i.ebayimg.com/images/g/PccAAOSwy8JjzZAy/s-l64.jpg
https://www.ebay.co.uk/itm/223986366341?hash=item3426a0b785:g:xCoAAOSwm2pf~NV0&amdata=enc%3AAQAHAAAA4Lbb1XQh2I9oEyy7DdZWD2hxxnnwC4OXMqukZxGBK%2FbGxeCrGvuAQo9Aqe%2Bip5dT866eLh6wZDI1SvdhwLY9vQ1%2BTglCYm3clELcQ2F2M8D7MHbtIreal1tArgs4qAtjg65ncenMG2mc%2BN0%2BE8IbMY7RuH3xyoGzefegsuCDz7Hv9jn5OWNT7oJiVn7NhSfms4uDY1ZLGYlqZyJj8eMWylI6wzhxemky5bAi2aGkHgLtqeTDwt6GlmWzuURlJ9V8MlliNEFFm0fEqRxCWyCo6KukT%2B%2FBXhKHXZeakLUdurEZ%7Ctkp%3ABFBM_J7Lz71h,Apple iPhone 8 64GB 256GB - UNLOCKED - Grey/Silver/Go,£124.95 each,https://i.ebayimg.com/images/g/xCoAAOSwm2pf~NV0/s-l64.jpg | https://i.ebayimg.com/images/g/L04AAOSwEkxfeuHC/s-l64.png | https://i.ebayimg.com/images/g/ScYAAOSw215hBgUM/s-l64.jpg | https://i.ebayimg.com/images/g/0TcAAOSw-yZhBgUY/s-l64.jpg | https://i.ebayimg.com/images/g/eXgAAOSwkyVhBgUj/s-l64.jpg | https://i.ebayimg.com/images/g/3CcAAOSwu3lhBgUv/s-l64.jpg | https://i.ebayimg.com/images/g/nV0AAOSw0Q1hBrd6/s-l64.jpg | https://i.ebayimg.com/images/g/at4AAOSwKrNjYvhL/s-l64.jpg | https://i.ebayimg.com/images/g/eZEAAOSwqWphBreL/s-l64.jpg | https://i.ebayimg.com/images/g/ojUAAOSwEU5jYvhU/s-l64.jpg | https://i.ebayimg.com/images/g/35sAAOSwmNNjYvhk/s-l64.png | https://i.ebayimg.com/images/g/lOIAAOSwHohhBriB/s-l64.jpg | https://i.ebayimg.com/images/g/aRUAAOSwdx9jYvhy/s-l64.jpg | https://i.ebayimg.com/images/g/ayQAAOSwKrNjYvh6/s-l64.jpg | https://i.ebayimg.com/images/g/LxIAAOSwvTFhBrek/s-l64.jpg
https://www.ebay.co.uk/itm/314301186395?epid=23052780875&hash=item492dcf815b:g:nJsAAOSw0ZtjsuVu&amdata=enc%3AAQAHAAAA4K13daJ1MQJImDmgxvtfQLA5ZQCT8LoOE%2BMlZieMIahiDriMmOp4XQ7KabqLBg8oudG7WBzWgCXrFWGPI72O6EqEOVfNCZDGqW9tmPi7yqlzhGVvAkQ46IXBV0lw%2BOX7UaJkPkBhfdHpmivgW8uhPWxUXB4CDuHGMpuUq%2BtJ59wVs2OuPsxWsKZc3GdR8ai3DYUvhKRqMRWQ%2BM1jHSqAKLd%2FE9LYy0pSMmGD5WQWInqVsIGqunYR8S%2F%2FSzua8GB27mf6VFfd2jeE1KHJnLHJTXwjt9TdgL%2FmAF1Tfo4wnH1A%7Ctkp%3ABFBMutXLz71h,Apple iPhone SE 2020 (PRODUCT)RED - 64GB - (Unlocked) (Read Description),£249.00 each,https://i.ebayimg.com/images/g/nJsAAOSw0ZtjsuVu/s-l64.jpg | https://i.ebayimg.com/images/g/aOAAAOSww~JjsuV8/s-l64.jpg | https://i.ebayimg.com/images/g/8mUAAOSwMZ5jsuV8/s-l64.jpg | https://i.ebayimg.com/images/g/rWEAAOSwnStjsuV7/s-l64.jpg
https://www.ebay.co.uk/itm/255425475392?hash=item3b788b7340:g:b9YAAOSwQ6BiKEpR&amdata=enc%3AAQAHAAAA4L1m7gJIad4ju8JOI%2BeccEiWohyb2rMCjlWoCXxLJFAM4S97%2F2GncCdDUrsqtOqy1KaArobZ4PmQlr9GxmylqL29TYUDKYbjupgncXFuzqTkEBJujeqHT0NFPPxQZfOuEiJJauZmjpS8j1owwlWE8YXSEYKTM4%2BPH%2BKl1qOtnf6GA8J32wkdZFAON%2FM3w0ob3wnNfsjtHlrHUay%2FWpTq%2B0VUTfgjjLIKBZcNcOGqJpB6HiGNfMX2ozw0ZnOnCIzJWHNY9iEnKF2nc9ZIvst4iplz7rJ0j4rgTjBwYZk7n4G4%7Ctkp%3ABFBMuNXLz71h,"Apple iPhone 8 A1863 4.7"" Smart phone 64GB 12MP IPS LCD Unlocked  AUS STOCK",AU $279.00,https://i.ebayimg.com/images/g/b9YAAOSwQ6BiKEpR/s-l64.jpg | https://i.ebayimg.com/images/g/eJsAAOSwnohiKEpV/s-l64.jpg | https://i.ebayimg.com/images/g/qQYAAOSwMjJiKEpT/s-l64.jpg | https://i.ebayimg.com/images/g/FEQAAOSw-k5iKEpP/s-l64.jpg
https://www.ebay.co.uk/itm/255704311914?hash=item3b892a286a:g:G~IAAOSwVKFjECUk&amdata=enc%3AAQAHAAAA4Boe%2BjVt7iNRaRtQpt4UTaFwzzQDA%2B6X0MLl9bfdSFKYSujDxIx2UKxcIzkLYX%2FZ5uv1RkKr6yJuKBlGrSyQPFQGOOh420vIBic4XdKstEvV0llpXvxHJHkzBpzMwOn4hfRyHQRLue4JBAitENMUwyF1QsvON0Jsvac2eg7Zs03hwyJbtaj%2BmdQR6MrqLRQNvYl9TTsnZ83scWq%2FWE0rWLSSM6D1rZiw4chg9DRFK49SNacL1jjPVQgRHqzPPvCRNEJPk8sG%2B4uqJrPkzNDfj7KIiDbidgxwxyXwx4wTo1Wd%7Ctkp%3ABFBM4InMz71h,"Apple iPhone XR A2105 6.1""Smart phone 64GB Blk Aus Stock Unlocked cracked corner",AU $359.00,https://i.ebayimg.com/images/g/G~IAAOSwVKFjECUk/s-l64.jpg | https://i.ebayimg.com/images/g/NE4AAOSwTa1jECUq/s-l64.jpg | https://i.ebayimg.com/images/g/2hsAAOSwU7ZjECUs/s-l64.jpg | https://i.ebayimg.com/images/g/tHgAAOSwn35jECUp/s-l64.jpg | https://i.ebayimg.com/images/g/wcgAAOSwjXFjECUn/s-l64.jpg | https://i.ebayimg.com/images/g/9sAAAOSwhfRjECUu/s-l64.jpg | https://i.ebayimg.com/images/g/RaMAAOSw-1VjECUw/s-l64.jpg
https://www.ebay.co.uk/itm/255427252241?hash=item3b78a69011:g:MmYAAOSwmtNiKWop&amdata=enc%3AAQAHAAAA4KNu4OcYy9%2F9NpRJQHJ7w7NI8g3vvCcQjnioysrMkZ8g7jdd6J5UMY5YNIkqZdn4rnK7fHMPNJBmitjblagzfujoSIRWgMhCdUnVQv3fJm2kzdF0pfWt2KYNjtfrX1kdXvAssxgW1NBcXwut9KUydQILtKiiaFxSYDHXia1Utp9G1MN5zZVc6JGjkaVT1TfUeYbWkppe0oDcj%2FwYQ%2BRrRiS7xVhlIIglF9fcDscVqdOCXn%2B2KfXCqBiAa9jnLlO5UjEBo0Q7MqBeTUbJDoYjp0eeBYkxpy7ste7OqwvO6arc%7Ctkp%3ABFBM4InMz71h,"Apple iPhone 8 A1863 4.7"" Smart phone 64GB 12MP IPS LCD Unlocked  AUS STOCK",AU $279.00,https://i.ebayimg.com/images/g/MmYAAOSwmtNiKWop/s-l64.jpg | https://i.ebayimg.com/images/g/5MAAAOSwrJZiKWor/s-l64.jpg | https://i.ebayimg.com/images/g/0qMAAOSw0kxiKWoz/s-l64.jpg | https://i.ebayimg.com/images/g/krUAAOSwYZxiKWok/s-l64.jpg
https://www.ebay.co.uk/itm/144820244832?epid=14043482574&hash=item21b7f59160:g:xsoAAOSwyn9jdYgQ&amdata=enc%3AAQAHAAAA0HmqPSY4gSEoV292X8sn3I2TUrqGtY%2BdhipqGUIYk1ZD4gFz0Qo%2FYaUY35SVCi2wXkMM5a%2BSoBtSeNUeeQQIcoqIneOH6egL9sfb9ZXX33z9VN5LD%2FiuKX0p%2BCA0CeGCl1s%2BrbjO0402Vmv6fnWlSlUofJkjsOSG%2B9PpnCcOrWkUJvYd8apOMtLPW%2B8ibCuF9TiRW1Oa3z%2BUpYjNzRBBzqISuW4q5sw4gglCNm1tvG34tyGMUt1uycmc%2BeZf7SZmn%2F%2BPVDekBb%2BDbiAk6UCJuf0%3D%7Ctkp%3ABFBM4qnMz71h,Iphone 7 32GB Unlocked Black WT88,£87.30,https://i.ebayimg.com/images/g/xsoAAOSwyn9jdYgQ/s-l64.jpg | https://i.ebayimg.com/images/g/1aoAAOSwQ6BjdYnZ/s-l64.png | https://i.ebayimg.com/images/g/EYQAAOSwxP9jdYlW/s-l64.png | https://i.ebayimg.com/images/g/~5MAAOSwmh5jdYmO/s-l64.png | https://i.ebayimg.com/images/g/rq4AAOSwhjJjdYmb/s-l64.png | https://i.ebayimg.com/images/g/am0AAOSw0t1jdYmn/s-l64.png | https://i.ebayimg.com/images/g/Wu4AAOSwT0tjdYgP/s-l64.jpg | https://i.ebayimg.com/images/g/eW8AAOSwwVZjdYlp/s-l64.png | https://i.ebayimg.com/images/g/QowAAOSwKchjdYgQ/s-l64.jpg | https://i.ebayimg.com/images/g/dR8AAOSwl45jdYkt/s-l64.png | https://i.ebayimg.com/images/g/pvcAAOSwcYljdYnB/s-l64.png
https://www.ebay.co.uk/itm/144820525077?hash=item21b7f9d815:g:MBoAAOSwfQFjdtl2&amdata=enc%3AAQAHAAAA0HWnlgTIZwSEJAf%2Buc1VUXOMHpFfzAC5hl9A09O4PKlFCqXCnOV3cmsXjKqEmhScbVRoE8NMMfDbXZkknCBThhVZGPS1%2B3WWN52Y895eqMSFETv26Hv3AYblqr%2F6ihd2pCH0potpwJOgeeEtafuzny4nJzxaD5YZjHXqk%2BbvFixqvbfFft92Jag3jhjkc7vp8EALF8k0dXsi9qtnxftnXIDs0ufjU8ssw8lrej5LcQ%2B6PEoc1YCDd%2FlpY7QwEdkk4oRMgYyGAWk%2B5dLxIHJlXag%3D%7Ctkp%3ABFBM4qnMz71h,Iphone 6s 32GB Unlocked Black FB68,£76.50,https://i.ebayimg.com/images/g/MBoAAOSwfQFjdtl2/s-l64.png | https://i.ebayimg.com/images/g/FRgAAOSwlO9jdtlg/s-l64.png | https://i.ebayimg.com/images/g/~8gAAOSwxxFjdtlU/s-l64.png | https://i.ebayimg.com/images/g/A2oAAOSwCwJjdtmZ/s-l64.png | https://i.ebayimg.com/images/g/ATMAAOSwn~1jdtk3/s-l64.jpg | https://i.ebayimg.com/images/g/QNEAAOSwHsdjdtlm/s-l64.png | https://i.ebayimg.com/images/g/n2IAAOSwbrRjdtl7/s-l64.png | https://i.ebayimg.com/images/g/sNwAAOSwQsFjdtk0/s-l64.jpg | https://i.ebayimg.com/images/g/~bEAAOSw5Bdjdtk0/s-l64.jpg | https://i.ebayimg.com/images/g/rxcAAOSwl45jdtk3/s-l64.jpg | https://i.ebayimg.com/images/g/95EAAOSwUhJjdtm4/s-l64.png | https://i.ebayimg.com/images/g/CvAAAOSwZH1jdtk0/s-l64.jpg | https://i.ebayimg.com/images/g/n~4AAOSwNZhjdtk2/s-l64.jpg | https://i.ebayimg.com/images/g/20UAAOSwMSpjdtmr/s-l64.png
https://www.ebay.co.uk/itm/144852051568?epid=239163528&hash=item21b9dae670:g:YyIAAOSwYxxjiSPn&amdata=enc%3AAQAHAAAA0BNWZcrKvgIS%2BWHpieAcZltN3oXyoJS%2Fn1Hbrixlur5cHrCaKoW5oOgMWFGiNnm5drEI2KNx%2BqnfUJXHokoQbdO%2B64F%2By2pAhvuN48Y6JkxNnJdkTUTHdbGn5a8tZmlYufPtajUrNDlryVnzC3B%2BvlFgHfqFnGelu%2BDEVG%2F6i7qXLffxRhSoYyza7rCn1KVgEGfK1jtipmfPvDyAIevFYprJP%2FVqqL8yiR3B85ayIzb2rFbJzwT7C8J%2FPMsTuZFhy8mcyMZrgrOi7KdQScO31ag%3D%7Ctkp%3ABFBM5s_Mz71h,Iphone 7 128GB Gold Unlocked FB126,£89.10,https://i.ebayimg.com/images/g/YyIAAOSwYxxjiSPn/s-l64.png | https://i.ebayimg.com/images/g/sdwAAOSwdJZjiSP4/s-l64.png | https://i.ebayimg.com/images/g/bbEAAOSwSSdjiSQD/s-l64.png | https://i.ebayimg.com/images/g/wJkAAOSwpABjiSOw/s-l64.jpg | https://i.ebayimg.com/images/g/PxEAAOSwqnJjiSOy/s-l64.jpg | https://i.ebayimg.com/images/g/0EgAAOSwy6VjiSPL/s-l64.png | https://i.ebayimg.com/images/g/O-8AAOSwetdjiSOx/s-l64.jpg | https://i.ebayimg.com/images/g/u~8AAOSwX79jiSOy/s-l64.jpg | https://i.ebayimg.com/images/g/QtYAAOSwB2pjiSOw/s-l64.jpg | https://i.ebayimg.com/images/g/3OUAAOSwcWNjiSQj/s-l64.png | https://i.ebayimg.com/images/g/u1MAAOSw5yJjiSQ0/s-l64.png
https://www.ebay.co.uk/itm/144831621148?epid=4052270781&hash=item21b8a3281c:g:iKYAAOSwLxVjfEK8&amdata=enc%3AAQAHAAAA0HzvkjxgIfJbxKib8khFT8kHeGGIGh5d0wMk9O5O9UfuBVx3qe3ufjzrjPz4s7TSwjd4IR6xsNxIRDYCQstzP1X8QLNE%2F9E0LRokauGkDP6i1l0iOoAPMuuc2bnsIICpivGwzxVwFxTBqaBMSOFsENtNRmHFf5WJOqRoViA1UUSyouepHzY0wSL1MPS3KFChqI78f25x7XrI67j0wRyJUMZvypkFeC7JkFXBDUn5qNra%2FLrZWkVx0Bldq74Jt%2BTrc%2FiSp%2FExn2zEdz1rMqRTjB0%3D%7Ctkp%3ABFBM5s_Mz71h,Iphone SE 64GB Unlocked Rose Gold FB2,£58.50,https://i.ebayimg.com/images/g/iKYAAOSwLxVjfEK8/s-l64.jpg | https://i.ebayimg.com/images/g/3vwAAOSwr95jfEK9/s-l64.jpg | https://i.ebayimg.com/images/g/ou4AAOSwdAJjfEK-/s-l64.jpg | https://i.ebayimg.com/images/g/3MUAAOSwml9jfEK8/s-l64.jpg | https://i.ebayimg.com/images/g/DE4AAOSwOs1jfEK9/s-l64.jpg | https://i.ebayimg.com/images/g/WI4AAOSwt-djfEK-/s-l64.jpg | https://i.ebayimg.com/images/g/WZYAAOSwkrljfEK-/s-l64.jpg | https://i.ebayimg.com/images/g/XvcAAOSw0F1jfEK-/s-l64.jpg | https://i.ebayimg.com/images/g/UEgAAOSwvBdjfEK~/s-l64.jpg | https://i.ebayimg.com/images/g/ED0AAOSwWSljfELA/s-l64.jpg | https://i.ebayimg.com/images/g/1msAAOSw4v5jfELA/s-l64.jpg | https://i.ebayimg.com/images/g/csUAAOSwRXxjfELA/s-l64.jpg | https://i.ebayimg.com/images/g/k04AAOSwsh5jfELA/s-l64.jpg
https://www.ebay.co.uk/itm/195571949910?epid=27034209608&hash=item2d88ff2156:g:mu4AAOSw~ylj0EOt&amdata=enc%3AAQAHAAAA4D37Syae3Eyj7Ds3SbEIfPNnwl3goHN2us5zQ6N7kwzwnvZSz1rZJzYcnWFQsiyirGCJLm1TEUMQg4po9VPM7y9efp%2BLFb1oqsONB57QL784ruxeZ3wnwQchZrH%2Fvioi9e7ZnJEKY%2B20FrXA0xzeCJjCYCah89HZnz4Z%2BMtfG2mkjgOBiWZU4MffuP646KNxDuk7AChuUlV%2F%2FGR2SGKw4uD03nesqPbsnPhTFr9%2Be3S8b8R2EXIcq0GdGiwO3uxfcLWqiMlIxzGrSDmVjMMu4uu7EiCkfb2GZCp58Ij5Y1k1%7Ctkp%3ABFBMzvfMz71h,Apple iPhone 11 - 64GB - White (Unlocked) A2221 (GSM),£265.00,https://i.ebayimg.com/images/g/mu4AAOSw~ylj0EOt/s-l64.jpg | https://i.ebayimg.com/images/g/~50AAOSw7fVj0EOz/s-l64.jpg | https://i.ebayimg.com/images/g/l~8AAOSw8vxj0EO1/s-l64.jpg | https://i.ebayimg.com/images/g/XQIAAOSwybRj0EO2/s-l64.jpg | https://i.ebayimg.com/images/g/B54AAOSwE3lj0EO4/s-l64.jpg | https://i.ebayimg.com/images/g/6lkAAOSwBh1j0EO5/s-l64.jpg
https://www.ebay.co.uk/itm/144820313874?hash=item21b7f69f12:g:u3AAAOSwVI9jdb7N&amdata=enc%3AAQAHAAAA0JGxb8d2K7dZ4u%2F%2Fq5%2FXU%2F4pgJrl%2FuRviLXAFi%2FIQoFoYZvZAFy%2FtDLf5sHezwJ3nvljNWb0hMlEXw%2BpXKQlX8lMo4EQ91lyQUooUAoT%2BJS6Rzohur0fZ3Pis%2FVDJhQy49x6kFT9%2FxCtqLKBVI71FO3KBI3%2Fd6yaV93iL00EL8xLsmN0O1KXi%2F8OleZyZnt4vFElbqbBMddjFnJgsjRYmTz9VexYb2Co1oieFSBY93FC4QICvFqlXL7dB8B1z4zyPgft%2B1Mz6L%2FzVcwEBtDEmzI%3D%7Ctkp%3ABFBMzvfMz71h,Iphone 6s 32GB Unlocked Gold FB73,£72.00,https://i.ebayimg.com/images/g/u3AAAOSwVI9jdb7N/s-l64.png | https://i.ebayimg.com/images/g/mpwAAOSwDR1jdb5d/s-l64.png | https://i.ebayimg.com/images/g/1hkAAOSw925jdb4Y/s-l64.jpg | https://i.ebayimg.com/images/g/2JkAAOSwVk1jdb7d/s-l64.png | https://i.ebayimg.com/images/g/f8cAAOSwDrFjdb6C/s-l64.png | https://i.ebayimg.com/images/g/mDgAAOSwgmpjdb6U/s-l64.png | https://i.ebayimg.com/images/g/lAkAAOSwJYljdb70/s-l64.png | https://i.ebayimg.com/images/g/qLAAAOSwMhljdb6h/s-l64.png | https://i.ebayimg.com/images/g/wJAAAOSwyC5jdb5y/s-l64.png | https://i.ebayimg.com/images/g/yLMAAOSwsuJjdb6-/s-l64.png | https://i.ebayimg.com/images/g/pdYAAOSwX65jdb5C/s-l64.png | https://i.ebayimg.com/images/g/XwYAAOSwxrJjdb4Z/s-l64.jpg | https://i.ebayimg.com/images/g/kM4AAOSwIJljdb4a/s-l64.jpg
https://www.ebay.co.uk/itm/144833889142?hash=item21b8c5c376:g:rsoAAOSwK3pjgYc2&amdata=enc%3AAQAHAAAA4IcKdx54NlGsLfagBW6hgZtYe44BnmIAu2W%2Fx91kowWnRfti4SAWwlwtuXHXxQirjAT9Q7z3ZjxFWkIpjyRqq9Q9nEe7EKwjoYZHYIlhzY5DP51xt4PS6L06IidcCW3fj7lSh15kxaxEf1c3xTVAOdLy%2BqwM7NYStqP9G3pO74skjKKteWw8KmKkkDUY07EuHvya8x61EvNTJYyYZ6nNIdYM%2BFD%2B4zFPW0MsOIpR1NIyOkT5QKlulGZC2bLOPbpeQ%2FevDEJkFZSf8XeYkS6ey2dKZiuxTO%2FQOBLML6ELIH%2Bd%7Ctkp%3ABFBM2qPNz71h,Iphone 6 64GB Unlocked Black (FB64),£130.50,https://i.ebayimg.com/images/g/rsoAAOSwK3pjgYc2/s-l64.jpg | https://i.ebayimg.com/images/g/PTIAAOSwlRhjgYc1/s-l64.jpg | https://i.ebayimg.com/images/g/HZgAAOSwFdFjgYc0/s-l64.jpg | https://i.ebayimg.com/images/g/T3YAAOSwTFRjgYc1/s-l64.jpg | https://i.ebayimg.com/images/g/zzIAAOSw5OdjgYc1/s-l64.jpg | https://i.ebayimg.com/images/g/rw8AAOSwK3pjgYdm/s-l64.png | https://i.ebayimg.com/images/g/hz0AAOSwlnpjgYc1/s-l64.jpg | https://i.ebayimg.com/images/g/SKsAAOSwNiVjgYc0/s-l64.jpg | https://i.ebayimg.com/images/g/et0AAOSwzGNjgYdS/s-l64.png | https://i.ebayimg.com/images/g/AlAAAOSw691jgYdd/s-l64.png
